1746836648,0,-0.235654,0.0570886,0.27349,2.38868,-1.25849,0.832491
1746836648,2,0.143257,-0.37731,0.174731,-0.0907619,-0.353893,0.011411
1746836648,3,-0.423357,-0.114941,0.193236,3.7145,-7.98766,1.47785
1746836648,4,0.537634,-0.0281675,-0.0901762,1.39057,-3.5032,-0.0125776
1746836648,5,-0.417785,-0.463644,-0.0914753,6.72347,-11.6632,7.87837
1746836648,6,-0.418889,-0.0347327,0.559489,-0.9439,-0.764672,-3.14762
1746836649,0,-0.588649,0.166479,0.629412,-0.0883803,4.06276,4.28449
1746836649,2,0.316469,-0.760658,0.35705,-0.136577,-0.0258581,0.011411
1746836649,3,-0.771285,-0.199139,0.398217,0.96805,-0.626733,1.52306
1746836649,4,0.898342,-0.0626798,-0.123002,0.735726,-0.815398,0.138917
1746836649,5,-0.595151,-0.703301,-0.126616,-2.07788,2.10693,-7.19717
1746836649,6,-0.562292,-0.0610365,0.78,-0.300659,-0.262541,-0.172707
1746836649,0,-0.661308,0.184836,0.688842,0.0270733,-0.799121,2.67547
1746836649,2,0.381299,-0.843104,0.376937,-0.0834315,-0.0881664,0.00346975
1746836649,3,-0.847293,-0.216761,0.443474,-0.144946,0.48382,0.431442
1746836649,4,0.989202,-0.0730504,-0.124593,0.0497248,-0.215528,0.146858
1746836649,5,-0.620944,-0.748352,-0.145839,0.301441,0.449652,-7.34927
1746836649,6,-0.570295,-0.0621099,0.826353,0.206359,-0.17763,-0.903302
1746836649,0,-0.66931,0.185098,0.692534,0.00386038,-0.144274,1.61379
1746836649,2,0.399879,-0.855491,0.371584,-0.0376166,0.0285089,0.011411
1746836649,3,-0.860933,-0.216746,0.441762,0.00471552,0.0165084,0.30255
1746836649,4,0.996505,-0.0629676,-0.127166,0.0191815,0.0721893,-0.0205189
1746836649,5,-0.629761,-0.743815,-0.143047,-0.00643538,0.213247,6.03845
1746836649,6,-0.572389,-0.0617238,0.843149,-0.0734168,-0.0383531,0.349583
1746836649,0,-0.671979,0.183974,0.694083,0.0350145,0.159326,-0.229804
1746836649,2,0.403763,-0.849379,0.370665,-0.022345,-0.00264525,-0.0918252
1746836649,3,-0.858955,-0.215115,0.431764,0.0364805,-0.0983343,0.287278
1746836649,4,0.986013,-0.0546804,-0.136224,0.0271228,0.0257635,-0.0431209
1746836649,5,-0.647604,-0.731626,-0.146137,0.0167775,0.394674,-0.940687
1746836649,6,-0.576512,-0.063511,0.844257,-0.00561077,-0.0151402,0.380737
1746836649,0,-0.669812,0.183438,0.695893,-0.0193525,-0.0355397,-0.440553
1746836649,2,0.393522,-0.848882,0.370068,-0.022345,0.0676043,-0.0759427
1746836649,3,-0.850543,-0.218373,0.434297,0.0444218,-0.0751214,0.279337
1746836649,4,0.979426,-0.0578729,-0.14147,0.0271228,-0.0286035,0.0326264
1746836649,5,-0.670779,-0.719897,-0.160489,0.0858053,0.062974,-0.568059
1746836649,6,-0.57535,-0.0625094,0.835462,0.123282,-0.0230815,-0.480583
1746836649,0,-0.65048,0.185559,0.698632,0.0118016,-0.097848,-0.463765
1746836649,2,0.379159,-0.851207,0.361796,-0.022345,0.0364501,-0.0044715
1746836649,3,-0.845788,-0.218525,0.442742,0.0761868,0.0323909,0.120512
1746836649,4,0.979674,-0.0652162,-0.138926,0.0191815,0.00988101,0.0405676
1746836649,5,-0.675417,-0.718038,-0.162698,0.147503,0.0470915,1.26393
1746836649,6,-0.567048,-0.0611318,0.841557,0.0475345,0.000131383,-0.234405
1746836649,0,-0.638419,0.185971,0.704125,-0.0193525,-0.0666938,-0.354421
1746836649,2,0.381134,-0.85022,0.347859,0.00819825,0.0211785,-0.0124127
1746836649,3,-0.838148,-0.223537,0.43875,0.123223,-0.0519085,0.0972991
1746836649,4,0.977963,-0.0620326,-0.142276,-0.0107509,0.00255063,0.0326264
1746836649,5,-0.660755,-0.720688,-0.160631,0.109018,0.0709152,1.03607
1746836649,6,-0.555879,-0.0584225,0.839297,0.0249325,-0.0768376,-0.165377
1746836649,0,-0.640336,0.190616,0.700648,0.0118016,0.0114969,0.145267
1746836649,2,0.389928,-0.852755,0.343891,-0.0302863,0.0285089,-0.0441777
1746836649,3,-0.836314,-0.223301,0.432123,0.0914584,-0.0445781,-0.0920692
1746836649,4,0.979908,-0.056145,-0.144008,-0.0260225,0.00988101,0.047898
1746836649,5,-0.64337,-0.72558,-0.166474,0.109018,0.0232677,0.0709063
1746836649,6,-0.547335,-0.0608339,0.842566,0.0249325,0.000131383,0.0960735
1746836649,0,-0.646886,0.190835,0.704175,0.0270733,0.0579227,0.00476825
1746836649,2,0.397985,-0.857641,0.345833,-0.0754903,0.0602739,0.00346975
1746836649,3,-0.846635,-0.220103,0.431818,0.0761868,-0.0213653,-0.0541955
1746836649,4,0.983561,-0.0583163,-0.144577,-0.0260225,0.0337048,0.0326264
1746836649,5,-0.639122,-0.746126,-0.184415,0.0705336,-0.0237689,-0.301722
1746836649,6,-0.549775,-0.0562089,0.844449,0.0780778,0.0386159,0.0191045
1746836649,0,-0.653694,0.191325,0.710598,0.0423449,-0.0587526,-0.0263859
1746836649,2,0.402366,-0.85901,0.352379,0.0155286,0.0676043,-0.0124127
1746836649,3,-0.858261,-0.220741,0.433085,0.0126568,-0.0519085,-0.0462543
1746836649,4,0.990379,-0.0663266,-0.145939,-0.0412941,-0.0756401,0.0173548
1746836649,5,-0.623765,-0.741297,-0.174831,0.055262,-0.00788638,0.359235
1746836649,6,-0.555884,-0.0481219,0.845599,-0.00561077,0.015403,-0.103679
1746836649,0,-0.652756,0.194975,0.715509,0.0502861,0.0114969,-0.104577
1746836649,2,0.396499,-0.857919,0.358285,0.0613435,0.0676043,-0.020354
1746836649,3,-0.852618,-0.231875,0.443897,0.123223,-0.0445781,0.006891
1746836649,4,0.997946,-0.0785372,-0.138025,-0.0260225,0.00988101,-0.0889358
1746836649,5,-0.617445,-0.725348,-0.169408,-0.00643538,0.110621,-0.393351
1746836649,6,-0.562967,-0.0456449,0.842538,-0.0355432,0.00807263,-0.0651949
1746836649,0,-0.644041,0.200289,0.713572,-0.0193525,-0.0587526,-0.0734225
1746836649,2,0.385515,-0.855413,0.360336,0.121819,0.0523326,-0.0282952
1746836649,3,-0.845684,-0.227734,0.445341,0.0444218,-0.0293065,-0.0236523
1746836649,4,0.997013,-0.0977252,-0.116092,0.0271228,0.0178223,0.002694
1746836649,5,-0.627907,-0.722474,-0.182235,-0.0143766,0.110621,0.100839
1746836649,6,-0.566839,-0.0506268,0.842749,-0.0202715,0.0312855,0.0423174
1746836649,0,-0.643055,0.19878,0.710469,0.00386038,0.0499814,-0.0734225
1746836649,2,0.380877,-0.851779,0.357155,0.0613435,0.005296,-0.020354
1746836649,3,-0.844406,-0.214527,0.430697,0.0444218,-0.0445781,-0.0163219
1746836649,4,0.994626,-0.0983734,-0.0901666,0.0191815,-0.0756401,0.0173548
1746836649,5,-0.649388,-0.72764,-0.188772,0.000895,0.0550327,-0.134344
1746836649,6,-0.568774,-0.0508282,0.84474,0.00233048,0.0312855,-0.0651949
1746836649,0,-0.652727,0.200033,0.709957,-0.0114112,0.0658639,-0.089305
1746836649,2,0.382797,-0.843399,0.359624,0.0839455,-0.0417406,-0.0362365
1746836649,3,-0.83278,-0.224021,0.423424,0.020598,0.0244496,0.0142214
1746836649,4,0.992198,-0.0793499,-0.0864628,0.141355,-0.0212731,-0.0125776
1746836649,5,-0.670657,-0.713298,-0.19169,-0.0528611,0.10268,-0.104412
1746836649,6,-0.57391,-0.0485242,0.84164,-0.0807472,0.000131383,-0.00349752
1746836649,0,-0.661424,0.200278,0.708281,0.0350145,0.0658639,-0.0111142
1746836649,2,0.384238,-0.839633,0.364881,-0.0150146,-0.0337994,0.0425651
1746836649,3,-0.825864,-0.241136,0.425154,0.00471552,-0.00609363,-0.0236523
1746836649,4,0.990197,-0.065284,-0.113715,0.0955397,0.00255063,-0.0125776
1746836649,5,-0.691671,-0.688647,-0.199379,-0.00643538,0.10268,-0.0359951
1746836649,6,-0.578534,-0.0502239,0.840329,-0.0581452,0.0465571,0.0270457
1746836649,0,-0.661409,0.196617,0.705844,-0.0266829,0.0347098,-0.05754
1746836649,2,0.385704,-0.840853,0.365374,-0.0302863,0.0602739,0.0187414
1746836649,3,-0.826174,-0.248877,0.435557,0.00471552,0.00123675,-0.0541955
1746836649,4,0.993802,-0.0543649,-0.139506,0.0191815,-0.0286035,0.0100244
1746836649,5,-0.703166,-0.678284,-0.200295,-0.114559,-0.0317101,-0.0359951
1746836649,6,-0.574608,-0.0530142,0.844196,-0.0960188,0.00807263,0.00383287
1746836649,0,-0.657318,0.199192,0.709223,-0.0651674,0.042651,-0.0422684
1746836649,2,0.392309,-0.847499,0.364695,0.0534023,-0.00264525,-0.0362365
1746836649,3,-0.833051,-0.248256,0.447972,0.0603043,0.0397213,-0.0462543
1746836649,4,0.995987,-0.0567726,-0.143341,-0.0339638,-0.0286035,-0.0205189
1746836649,5,-0.699307,-0.693333,-0.184396,-0.098676,-0.0555339,-0.0512668
1746836649,6,-0.573667,-0.0472497,0.842575,-0.118621,-0.061566,0.0117741
1746836649,0,-0.650532,0.211352,0.705999,-0.080439,0.0114969,-0.0263859
1746836649,2,0.399136,-0.849661,0.368056,0.0308003,-0.0570123,0.0505064
1746836649,3,-0.840989,-0.241243,0.45264,-0.0423211,0.0244496,0.006891
1746836649,4,0.991625,-0.0727532,-0.131175,-0.0797787,-0.0909118,-0.0431209
1746836649,5,-0.684469,-0.703443,-0.164168,-0.0449199,0.00799611,-0.00545187
1746836649,6,-0.569517,-0.0494835,0.843266,-0.0807472,-0.0151402,0.0191045
1746836649,0,-0.65291,0.211613,0.698845,-0.111593,0.0499814,0.0438636
1746836649,2,0.397907,-0.845748,0.367257,0.0234699,-0.0570123,0.0584476
1746836649,3,-0.840814,-0.241786,0.447131,0.00471552,-0.00609363,0.0142214
1746836649,4,0.985085,-0.0843892,-0.111928,-0.0339638,-0.0286035,-0.0278493
1746836649,5,-0.680819,-0.7203,-0.156393,-0.021707,-0.0237689,-0.0433255
1746836649,6,-0.568533,-0.0538769,0.842139,-0.118621,0.015403,0.0270457
1746836649,0,-0.650549,0.206764,0.709372,-0.0963215,0.042651,0.0279811
1746836649,2,0.390117,-0.849187,0.366225,0.0381306,-0.0417406,0.011411
1746836649,3,-0.837434,-0.248646,0.446648,-0.00322573,0.0165084,-0.0615259
1746836649,4,0.986298,-0.0890097,-0.114496,0.00452075,-0.0597576,-0.00524725
1746836649,5,-0.677672,-0.714755,-0.150014,-0.021707,-0.0396514,-0.104412
1746836649,6,-0.570959,-0.0528846,0.844111,-0.118621,0.00807263,-0.0114388
1746836649,0,-0.648375,0.206216,0.709729,-0.134195,0.042651,0.00476825
1746836649,2,0.389147,-0.850187,0.365042,0.0918868,-0.0179169,0.0584476
1746836649,3,-0.837111,-0.246402,0.440959,-0.00322573,-0.0366369,-0.0236523
1746836649,4,0.990165,-0.0881639,-0.130139,-0.0186921,-0.0212731,-0.0278493
1746836649,5,-0.674243,-0.704128,-0.153898,0.0393795,-0.0475926,-0.0127822
1746836649,6,-0.566828,-0.0530349,0.843051,-0.10396,0.00807263,0.0117741
1746836649,0,-0.650766,0.205038,0.704992,-0.0963215,0.0188273,0.0200399
1746836649,2,0.39548,-0.843689,0.358232,0.0992172,-0.0258581,0.0425651
1746836649,3,-0.83519,-0.237069,0.428102,0.0285393,0.009178,-0.0694672
1746836649,4,0.986994,-0.0832835,-0.132783,-0.0412941,-0.0212731,-0.104207
1746836649,5,-0.675667,-0.711634,-0.162611,0.0393795,-0.10257,0.00248938
1746836649,6,-0.561692,-0.0566047,0.845211,-0.141834,0.000131383,0.0655303
1746836649,0,-0.6517,0.205995,0.69913,-0.17268,0.0267685,0.0200399
1746836649,2,0.400097,-0.838306,0.357805,0.0460719,-0.00997563,0.121978
1746836649,3,-0.833639,-0.228472,0.421193,0.00471552,0.009178,-0.0389239
1746836649,4,0.983846,-0.0762738,-0.122733,-0.102381,-0.044486,-0.0357905
1746836649,5,-0.675901,-0.717074,-0.163962,0.077864,5.48653e-05,-0.0433255
1746836649,6,-0.56096,-0.0578172,0.844739,-0.0734168,-0.0151402,0.0270457
1746836649,0,-0.647621,0.207372,0.704685,-0.157408,0.0267685,0.0670765
1746836649,2,0.393024,-0.835416,0.353944,0.0234699,-0.0728948,0.121978
1746836649,3,-0.829392,-0.233231,0.418436,0.0126568,-0.0445781,0.029493
1746836649,4,0.984359,-0.0646138,-0.109512,-0.0186921,0.00988101,-0.0736642
1746836649,5,-0.680086,-0.70553,-0.159516,0.0625924,0.0391502,0.00248938
1746836649,6,-0.562402,-0.0561823,0.84886,-0.0886884,-0.0230815,0.0502586
1746836649,0,-0.649568,0.205018,0.706995,-0.103652,-0.0123268,0.0438636
1746836649,2,0.3945,-0.834807,0.346601,0.000257,-0.0258581,0.0822714
1746836649,3,-0.825522,-0.242203,0.413646,-0.0343799,0.009178,0.0447646
1746836649,4,0.995329,-0.0562524,-0.105613,-0.0718374,0.0569176,-0.0278493
1746836649,5,-0.699384,-0.694875,-0.165391,0.0167775,-0.086688,-0.0127822
1746836649,6,-0.557732,-0.0560216,0.857252,-0.0960188,-0.007199,-0.0346516
1746836649,0,-0.658263,0.20356,0.70507,-0.150078,0.0499814,0.0438636
1746836649,2,0.408427,-0.84152,0.342652,-0.0681599,-0.0570123,0.121978
1746836649,3,-0.825808,-0.247101,0.416089,0.0126568,0.108749,-0.0163219
1746836649,4,1.01142,-0.0498247,-0.0992586,-0.132924,0.0337048,-0.104207
1746836649,5,-0.709708,-0.679694,-0.154753,0.0858053,-0.134335,-0.104412
1746836649,6,-0.548681,-0.0625054,0.861097,-0.0960188,-0.0230815,-0.0267104
1746836649,0,-0.658992,0.197761,0.705978,-0.080439,0.042651,0.00476825
1746836649,2,0.415036,-0.84844,0.340273,-0.0681599,0.0285089,0.0902126
1746836649,3,-0.840521,-0.241235,0.420317,0.0285393,0.116079,0.006891
1746836649,4,1.00434,-0.033227,-0.104491,-0.170798,-0.0756401,-0.0431209
1746836649,5,-0.725887,-0.68679,-0.142364,-0.00643538,-0.181372,0.0171501
1746836649,6,-0.536708,-0.07213,0.863254,-0.0734168,-0.0304119,-0.0499233
1746836649,0,-0.661386,0.191005,0.702189,-0.057837,0.0738052,-0.05754
1746836649,2,0.42018,-0.852943,0.33567,-0.0528883,0.0602739,0.0822714
1746836649,3,-0.855441,-0.225917,0.415837,0.084128,0.108749,0.0447646
1746836649,4,0.986526,-0.023223,-0.123678,-0.148196,-0.0286035,-0.0583925
1746836649,5,-0.747448,-0.723247,-0.122696,-0.098676,-0.197255,0.00981977
1746836649,6,-0.522074,-0.0800468,0.863852,-0.0508148,-0.0383531,-0.0804665
1746836649,0,-0.656787,0.186011,0.701931,-0.0346241,0.00355565,-0.0422684
1746836649,2,0.425813,-0.854124,0.324408,-0.0528883,0.18489,0.0505064
1746836649,3,-0.860153,-0.204569,0.408573,0.0761868,0.154564,0.052095
1746836649,4,0.927318,-0.0336078,-0.130263,-0.148196,-0.0524272,0.0173548
1746836649,5,-0.793599,-0.742384,-0.0718914,-0.160373,-0.410447,0.0782367
1746836649,6,-0.503572,-0.0885709,0.859764,0.0854082,0.0312855,-0.0957382
1746836649,0,-0.648273,0.173563,0.694099,-0.0193525,-0.0275985,-0.174826
1746836649,2,0.42437,-0.853804,0.314189,-0.044947,0.231927,0.106095
1746836649,3,-0.854186,-0.200659,0.409826,0.115282,0.139292,0.052095
1746836649,4,0.964338,-0.0191608,-0.134297,-0.155526,0.0257635,0.0173548
1746836649,5,-0.876128,-0.741106,0.0226862,-0.198858,-0.607756,0.283487
1746836649,6,-0.485788,-0.111648,0.847553,0.0854082,0.108255,-0.165377
1746836649,0,-0.640731,0.139791,0.688556,0.0576165,0.00355565,-0.245076
1746836649,2,0.395342,-0.852944,0.318724,0.000257,0.263081,0.0505064
1746836649,3,-0.839411,-0.217138,0.418128,0.312592,0.177777,0.0447646
1746836649,4,0.96508,0.00891659,-0.128927,-0.19401,-0.0212731,0.002694
1746836649,5,-0.991437,-0.743119,0.12343,-0.12983,-0.749477,0.656115
1746836649,6,-0.494777,-0.136582,0.83283,0.168486,0.131467,-0.187979
1746836649,0,-0.648997,0.0993163,0.698861,0.119314,-0.0899067,-0.331208
1746836649,2,0.360705,-0.852781,0.325059,-0.0834315,0.404191,-0.0124127
1746836649,3,-0.826373,-0.228742,0.418923,0.399334,0.185107,0.0447646
1746836649,4,0.985805,0.043217,-0.119587,-0.209282,0.0178223,0.0857717
1746836649,5,-0.98415,-0.72237,0.189617,0.155444,-0.291939,0.770347
1746836649,6,-0.506819,-0.16959,0.831734,0.176427,0.14735,-0.249676
1746836649,0,-0.653245,0.0639398,0.725394,0.127255,-0.0508114,-0.331208
1746836649,2,0.332526,-0.884211,0.320786,-0.0834315,0.419463,0.0266826
1746836649,3,-0.836808,-0.253075,0.43054,0.462864,0.254135,-0.0541955
1746836649,4,0.995526,0.0743862,-0.13203,-0.239214,-0.0524272,0.0784413
1746836649,5,-0.98769,-0.715693,0.0978822,0.278228,-0.236961,0.800279
1746836649,6,-0.505861,-0.202051,0.849035,0.206359,0.15468,-0.37246
1746836649,0,-0.629637,0.0434622,0.743297,0.204224,0.00355565,-0.432611
1746836649,2,0.299947,-0.916739,0.323665,-0.0528883,0.458558,-0.0282952
1746836649,3,-0.866757,-0.260223,0.443305,0.494019,0.238863,-0.167816
1746836649,4,1.02569,0.0683567,-0.153593,-0.422474,-0.00539062,0.0857717
1746836649,5,-1.06798,-0.673313,0.0560351,0.0241079,-0.544837,1.00553
1746836649,6,-0.504518,-0.238569,0.845784,0.206359,0.216378,-0.388343
1746836649,0,-0.630187,0.0251184,0.756281,0.219496,0.0188273,-0.471707
1746836649,2,0.288555,-0.949312,0.340376,-0.0302863,0.528808,-0.178568
1746836649,3,-0.906826,-0.223936,0.429538,0.431099,0.154564,-0.175147
1746836649,4,1.03228,0.0485667,-0.14614,-0.597792,0.0257635,0.047898
1746836649,5,-0.835326,-0.697795,-0.0404409,-0.12983,-1.23145,0.731863
1746836649,6,-0.520273,-0.266818,0.83688,0.304709,0.325112,-0.45737
1746836649,0,-0.653948,0.00720747,0.768026,0.219496,0.0267685,-0.612206
1746836649,2,0.265813,-0.93893,0.357282,-0.0302863,0.536749,-0.155355
1746836649,3,-0.935399,-0.178361,0.362182,0.384063,0.124021,-0.152545
1746836649,4,0.991128,0.00327591,-0.137463,-0.597792,-0.106794,0.108985
1746836649,5,-0.623227,-0.958121,0.157273,-0.106617,-1.08912,0.671387
1746836649,6,-0.543336,-0.283829,0.834176,0.357854,0.348325,-0.442099
1746836649,0,-0.654305,-0.0079255,0.789272,0.358162,-0.0508114,-0.565169
1746836649,2,0.243904,-0.950191,0.356621,-0.0528883,0.61494,-0.226216
1746836649,3,-0.967908,-0.130888,0.280274,0.517842,0.399521,-0.50929
1746836649,4,0.97344,-0.0469702,-0.0876293,-0.407202,-0.169103,0.0784413
1746836649,5,-0.442639,-1.09085,0.0838556,0.401623,-0.583932,0.937113
1746836649,6,-0.564409,-0.281882,0.852329,0.335252,0.348325,-0.495855
1746836649,0,-0.634777,-0.00381,0.800025,0.365493,-0.043481,-0.620147
1746836649,2,0.209527,-0.948726,0.352935,0.000257,0.677859,-0.281804
1746836649,3,-1.01235,-0.114016,0.241078,0.0914584,-0.0140349,0.0899687
1746836649,4,1.01213,-0.0617439,-0.108289,-0.239214,-0.106794,0.116315
1746836649,5,-0.306458,-0.965768,-0.125361,0.840224,0.213247,0.808221
1746836649,6,-0.573138,-0.28822,0.853167,0.31265,0.23226,-0.54167
1746836649,0,-0.597058,-0.00442406,0.801798,0.43452,-0.0666938,-0.57311
1746836649,2,0.192255,-0.967679,0.362122,0.0381306,0.646094,-0.297687
1746836649,3,-1.00483,-0.171913,0.256955,0.30465,0.200379,0.0447646
1746836649,4,1.02429,-0.0151725,-0.119033,-0.109711,-0.106794,0.0631697
1746836649,5,-0.315329,-0.76225,-0.390054,0.871378,0.50463,0.671387
1746836649,6,-0.573886,-0.306604,0.837368,0.441543,0.309229,-0.434158
1746836649,0,-0.562174,-0.0132906,0.792483,0.380764,0.0347098,-0.557839
1746836649,2,0.162726,-0.962874,0.367796,0.0686739,0.575844,-0.313569
1746836649,3,-0.962475,-0.213665,0.31208,0.431099,0.0549929,-0.00105025
1746836649,4,1.01404,0.0720787,-0.133932,-0.170798,-0.137948,0.192062
1746836649,5,-0.446637,-0.650063,-0.525236,0.401623,-0.150218,0.618242
1746836649,6,-0.576903,-0.313515,0.815748,0.410999,0.31717,-0.418886
1746836649,0,-0.55079,-0.0279662,0.790612,0.411918,-0.0355397,-0.510802
1746836649,2,0.133883,-0.93714,0.3635,0.114489,0.560573,-0.360606
1746836649,3,-0.903526,-0.232553,0.326549,0.604585,0.00123675,-0.0694672
1746836649,4,0.979696,0.130232,-0.130806,-0.323514,-0.0835814,0.16213
1746836649,5,-0.533584,-0.580869,-0.38175,0.00883625,-0.615697,0.397719
1746836649,6,-0.578929,-0.313399,0.801946,0.350524,0.224319,-0.36513
1746836649,0,-0.53429,-0.0324054,0.7813,0.403977,-0.0043856,-0.409398
1746836649,2,0.126055,-0.916601,0.344159,-0.044947,0.419463,-0.400312
1746836649,3,-0.866849,-0.221248,0.30211,0.581372,0.0549929,-0.0236523
1746836649,4,0.971736,0.133614,-0.089354,-0.506163,-0.098853,0.116315
1746836649,5,-0.634046,-0.584566,-0.205315,-0.076074,-0.623639,0.230342
1746836649,6,-0.568476,-0.317136,0.797676,0.433601,0.185834,-0.357188
1746836649,0,-0.528687,-0.037476,0.774553,0.480946,0.120231,-0.41734
1746836649,2,0.122404,-0.908046,0.327456,-0.220265,0.412132,-0.345334
1746836649,3,-0.878943,-0.183186,0.277878,0.63635,0.0244496,-0.129943
1746836649,4,0.983749,0.102194,-0.048949,-0.612453,-0.169103,0.207334
1746836649,5,-0.66011,-0.604626,0.0138714,-0.206799,-0.37074,0.21507
1746836649,6,-0.562152,-0.321207,0.794479,0.448873,0.262803,-0.303432
1746836649,0,-0.545879,-0.035487,0.778003,0.473005,0.128172,-0.331208
1746836649,2,0.140707,-0.927087,0.349297,-0.280741,0.404191,-0.345334
1746836649,3,-0.919572,-0.142548,0.237469,0.486688,-0.120936,-0.114671
1746836649,4,1.00764,0.0389958,-0.0364068,-0.666209,-0.169103,0.230547
1746836649,5,-0.626127,-0.587726,0.187899,0.101077,0.0550327,-0.0433255
1746836649,6,-0.575845,-0.309545,0.790852,0.448873,0.239591,-0.303432
1746836649,0,-0.574665,-0.0343887,0.77889,0.43452,0.128172,-0.331208
1746836649,2,0.148429,-0.918297,0.376526,-0.273411,0.404191,-0.345334
1746836649,3,-0.924661,-0.144252,0.250447,0.454923,-0.0519085,-0.251505
1746836649,4,1.00787,0.00214864,-0.0455453,-0.620394,-0.161161,0.260479
1746836649,5,-0.610912,-0.546006,0.164629,0.224472,0.473475,-0.164888
1746836649,6,-0.59784,-0.30178,0.779493,0.448873,0.286016,-0.203861
1746836649,0,-0.588764,-0.0314552,0.791233,0.442462,0.0738052,-0.300054
1746836649,2,0.142519,-0.926879,0.419677,-0.128636,0.365096,-0.44796
1746836649,3,-0.959157,-0.131371,0.263675,0.36818,-0.15148,-0.20569
1746836649,4,1.00756,-0.0130489,-0.08168,-0.407202,-0.161161,0.215275
1746836649,5,-0.6698,-0.534518,0.0961929,0.386351,0.520512,-0.104412
1746836649,6,-0.63441,-0.296858,0.77023,0.486747,0.162622,-0.249676
1746836649,0,-0.596753,-0.0292677,0.79251,0.373434,0.0499814,-0.213922
1746836649,2,0.129314,-0.92702,0.439115,-0.0834315,0.200773,-0.424136
1746836649,3,-0.982997,-0.103202,0.244536,0.360239,-0.205236,-0.236233
1746836649,4,0.991164,-0.0166228,-0.1184,-0.346116,-0.246682,0.253149
1746836649,5,-0.724736,-0.512143,0.0747505,0.316712,0.701939,0.192468
1746836649,6,-0.655413,-0.293915,0.758725,0.433601,0.131467,-0.165377
1746836650,0,-0.597395,-0.0412476,0.778617,0.403977,0.00355565,-0.120459
1746836650,2,0.109524,-0.91423,0.439116,-0.0754903,0.223986,-0.455901
1746836650,3,-0.973141,-0.0772703,0.19916,0.139106,-0.266322,-0.0841279
1746836650,4,0.988933,-0.0219033,-0.138436,-0.315573,-0.277837,0.245818
1746836650,5,-0.808851,-0.512751,0.0800325,0.0241079,0.670785,0.0935083
1746836650,6,-0.672561,-0.291717,0.74011,0.365795,0.0312855,-0.157436
1746836650,0,-0.599454,-0.0452204,0.758137,0.334949,-0.0275985,-0.0654813
1746836650,2,0.102357,-0.885923,0.443959,-0.106034,0.0602739,-0.408253
1746836650,3,-0.95725,-0.0561912,0.171904,-0.0740861,-0.258992,-0.0993995
1746836650,4,0.996023,-0.0177745,-0.125119,-0.170798,-0.332814,0.275751
1746836650,5,-0.938796,-0.538737,0.177954,0.0705336,0.402615,0.11611
1746836650,6,-0.678532,-0.276883,0.727488,0.509349,0.177893,-0.0804665
1746836650,0,-0.6101,-0.0463569,0.759017,0.365493,-0.121061,0.0670765
1746836650,2,0.120131,-0.873548,0.437589,-0.128636,0.0132372,-0.455901
1746836650,3,-0.93843,-0.0512194,0.173506,0.0993996,-0.174692,-0.0841279
1746836650,4,0.988295,0.00788577,-0.0907318,-0.110322,-0.395123,0.306294
1746836650,5,-1.07837,-0.468188,0.338601,0.101077,0.678726,0.283487
1746836650,6,-0.676027,-0.265457,0.747792,0.403669,-0.123263,-0.0114388
1746836650,0,-0.62548,-0.0355942,0.740789,0.358162,-0.0666938,0.0982306
1746836650,2,0.150867,-0.870848,0.42613,-0.235537,-0.0728948,-0.321511
1746836650,3,-0.919934,-0.07466,0.202959,0.147047,-0.0445781,-0.0236523
1746836650,4,1.01248,0.067488,-0.0568479,0.080268,-0.200257,0.336837
1746836650,5,-1.08263,-0.323851,0.21279,0.570832,1.29387,0.184527
1746836650,6,-0.667155,-0.273296,0.762119,0.433601,-0.146476,-0.0731362
1746836650,0,-0.667382,-0.0391344,0.751861,0.450403,-0.0123268,0.16115
1746836650,2,0.179196,-0.878668,0.416153,-0.357099,-0.0496819,-0.289746
1746836650,3,-0.931429,-0.127017,0.258415,0.328474,0.0244496,0.006891
1746836650,4,1.01201,0.124859,-0.0473973,0.148685,-0.254624,0.328896
1746836650,5,-0.94344,-0.404899,-0.0887496,0.139561,1.15215,-0.0891404
1746836650,6,-0.684876,-0.276625,0.809231,0.41833,-0.208174,-0.041982
1746836650,0,-0.718616,-0.0378512,0.787412,0.542644,-0.129002,0.0670765
1746836650,2,0.235656,-0.92697,0.423231,-0.478661,-0.0496819,-0.289746
1746836650,3,-0.97817,-0.168765,0.320895,0.328474,-0.0671802,0.0826383
1746836650,4,1.07829,0.183658,-0.0375595,0.0344531,-0.542952,0.328896
1746836650,5,-0.902611,-0.675216,-0.268909,0.116959,0.228518,-0.210703
1746836650,6,-0.696455,-0.277085,0.868764,0.342582,-0.332179,-0.118951
1746836650,0,-0.721416,-0.00361269,0.809688,0.658097,-0.160156,0.0200399
1746836650,2,0.300159,-0.972389,0.42745,-0.486603,-0.00264525,-0.424136
1746836650,3,-1.02526,-0.144055,0.34665,0.289379,-0.0671802,0.211531
1746836650,4,1.12414,0.266195,0.117913,-0.48295,-0.737818,0.283692
1746836650,5,-0.850866,-0.81499,0.0779851,0.00883625,0.323203,0.230342
1746836650,6,-0.66516,-0.275866,0.895722,0.569824,-0.324238,-0.0884078
1746836650,0,-0.696314,0.0478919,0.815108,0.711853,-0.206582,0.0279811
1746836650,2,0.310715,-0.981846,0.406067,-0.547078,-0.0337994,-0.360606
1746836650,3,-1.03106,-0.0922505,0.349883,0.265555,-0.144149,0.180988
1746836650,4,1.15441,0.275325,0.404458,-0.521434,-0.44949,0.321566
1746836650,5,-0.844051,-0.62754,0.282553,-0.514675,1.07335,0.0476934
1746836650,6,-0.633789,-0.246031,0.870963,0.539892,-0.347451,-0.126892
1746836650,0,-0.658442,0.0910068,0.787011,0.611671,-0.245677,0.0359224
1746836650,2,0.363867,-0.952747,0.36204,-0.608165,0.0676043,-0.558526
1746836650,3,-0.969532,-0.0814211,0.328249,0.289379,-0.0445781,0.173657
1746836650,4,1.17488,0.171838,0.407174,-0.254486,0.158321,0.359439
1746836650,5,-0.907647,-0.452224,0.0155847,-0.260555,0.552277,-0.316993
1746836650,6,-0.600005,-0.214795,0.843685,0.826999,0.00807263,-0.0651949
1746836650,0,-0.644557,0.133604,0.723948,0.519431,-0.222464,0.00476825
1746836650,2,0.353836,-0.869151,0.371805,-0.729727,0.0755455,-0.64588
1746836650,3,-0.881245,-0.072993,0.287081,0.257614,-0.090393,-0.0694672
1746836650,4,1.11838,0.0831518,0.290045,-0.376659,0.282938,0.313624
1746836650,5,-0.767351,-0.551987,-0.135001,-0.176256,0.0153265,-0.354867
1746836650,6,-0.616341,-0.135653,0.765333,0.683445,0.162622,-0.111621
1746836650,0,-0.667578,0.149078,0.688125,0.396036,-0.206582,0.129385
1746836650,2,0.325786,-0.797437,0.388177,-0.805474,-0.0337994,-0.503548
1746836650,3,-0.800857,-0.102781,0.281444,0.178812,-0.189964,-0.296709
1746836650,4,1.14439,0.0419292,0.264188,-0.239214,0.212688,0.374711
1746836650,5,-0.573049,-0.733355,-0.144545,0.00883625,-0.0555339,-0.248576
1746836650,6,-0.674981,-0.0659384,0.770984,0.728649,-0.192902,-0.150105
1746836650,0,-0.718574,0.177962,0.679936,0.34228,-0.168097,0.176421
1746836650,2,0.348883,-0.778501,0.393039,-1.07181,-0.0570123,-0.345334
1746836650,3,-0.770035,-0.157523,0.317584,0.281437,-0.0830627,-0.478747
1746836650,4,1.31105,0.026966,0.788931,0.141355,0.758191,0.374711
1746836650,5,-0.508294,-0.779084,-0.187514,0.147503,-0.0158276,-0.0585971
1746836650,6,-0.701951,0.0094196,0.787201,0.539892,-0.208174,-0.134223
1746836650,0,-0.764796,0.211218,0.725087,0.411918,-0.347081,0.0670765
1746836650,2,0.408475,-0.83104,0.425502,-0.897104,-0.143144,-0.155355
1746836650,3,-0.771074,-0.230342,0.438869,0.360239,0.108749,-0.729202
1746836650,4,1.41396,0.121571,0.466706,1.16944,0.851653,0.352109
1746836650,5,-0.567085,-0.883565,-0.194863,0.224472,-0.505131,0.252944
1746836650,6,-0.706771,0.0485768,0.822282,0.41833,-0.41709,-0.103679
1746836650,0,-0.737104,0.251087,0.743685,0.42719,-0.347081,-0.0190555
1746836650,2,0.450107,-0.872048,0.398277,-0.691853,-0.080836,-0.083884
1746836650,3,-0.853794,-0.260709,0.572168,0.478747,0.131962,-1.06273
1746836650,4,1.38067,0.396672,0.126079,0.552467,0.843712,0.374711
1746836650,5,-0.587626,-0.932472,-0.0639007,0.532348,0.181482,0.442923
1746836650,6,-0.62894,0.0461955,0.815257,0.290048,-0.517882,-0.187979
1746836650,0,-0.661162,0.281305,0.699159,0.373434,-0.394118,-0.0343271
1746836650,2,0.478221,-0.850967,0.327494,-0.486603,0.0211785,0.00346975
1746836650,3,-0.890078,-0.285713,0.655029,0.431099,0.0549929,-0.971715
1746836650,4,1.28273,0.350092,-0.0112923,-0.38399,0.913962,0.0784413
1746836650,5,-0.557814,-0.834637,-0.0228575,0.994773,1.17536,0.245614
1746836650,6,-0.53429,0.0622184,0.783839,0.297378,-0.409148,-0.249676
1746836650,0,-0.600052,0.316119,0.625506,0.273252,-0.160156,-0.112518
1746836650,2,0.501078,-0.798134,0.276799,-0.280741,-0.00264525,-0.0600602
1746836650,3,-0.82378,-0.362493,0.627796,0.557549,-0.0983343,-0.9259
1746836650,4,1.14679,-0.118609,-0.132763,-1.0089,1.33485,0.56469
1746836650,5,-0.586257,-0.630873,-0.0460076,1.27149,1.87785,-0.0891404
1746836650,6,-0.490323,0.112368,0.805654,0.206359,-0.463515,-0.226463
1746836650,0,-0.620559,0.3479,0.571707,0.25798,-0.26156,-0.0263859
1746836650,2,0.617599,-0.742617,0.205226,-0.372371,0.24781,-0.0997665
1746836650,3,-0.761232,-0.383092,0.479677,0.770741,-0.0751214,-1.5783
1746836650,4,1.10214,-0.30686,-0.171384,0.080268,0.874866,0.473671
1746836650,5,-0.670104,-0.54834,-0.183629,1.37962,1.90168,-0.339595
1746836650,6,-0.471805,0.148892,0.877682,0.365795,-0.425031,-0.288161
1746836650,0,-0.667337,0.374162,0.587481,0.296465,-0.370294,-0.182767
1746836650,2,0.676395,-0.747763,0.196708,-0.448118,0.200773,-0.226216
1746836650,3,-0.70351,-0.40132,0.401256,0.533725,0.407462,-1.32052
1746836650,4,1.19023,-0.293126,-0.470063,0.826745,0.758191,0.108985
1746836650,5,-0.748211,-0.562211,-0.38803,0.994773,1.62557,-0.248576
1746836650,6,-0.496619,0.15426,0.924494,0.327922,-0.385935,-0.426216
1746836650,0,-0.686601,0.368929,0.658156,0.450403,-0.370294,-0.120459
1746836650,2,0.668296,-0.812684,0.20141,-0.501263,0.231927,-0.360606
1746836650,3,-0.790571,-0.355193,0.450225,0.738976,1.1124,-1.13848
1746836650,4,1.27104,-0.00673321,-0.63547,0.400361,0.953057,-0.385205
1746836650,5,-0.829646,-0.587672,-0.434809,1.0638,1.33357,-0.164888
1746836650,6,-0.52398,0.113155,0.961831,0.373126,-0.332179,-0.426216
1746836650,0,-0.664073,0.354034,0.738299,0.642215,-0.456426,-0.159555
1746836650,2,0.621207,-0.888257,0.210797,-0.524476,0.286905,-0.606174
1746836650,3,-0.893415,-0.295262,0.51415,0.581372,0.821018,-1.19163
1746836650,4,1.11751,0.251746,-0.54805,0.0497248,0.532171,-0.916658
1746836650,5,-0.890344,-0.630249,-0.408192,0.640471,0.77341,-0.127014
1746836650,6,-0.518971,0.0678561,0.955316,0.440932,-0.308966,-0.311374
1746836650,0,-0.607604,0.371459,0.759076,0.796153,-0.307986,-0.0654813
1746836650,2,0.56786,-0.902951,0.207246,-0.486603,0.208714,-0.542644
1746836650,3,-0.910013,-0.294356,0.574065,0.541666,0.392191,-0.963774
1746836650,4,0.99957,0.287673,-0.694021,-1.01624,1.06179,-0.741951
1746836650,5,-0.865264,-0.59132,-0.333062,0.517076,0.946896,0.00248938
1746836650,6,-0.496016,0.0670965,0.92689,0.471475,-0.247269,-0.296102
1746836650,0,-0.545786,0.399303,0.731717,0.588458,-0.300044,-0.12779
1746836650,2,0.523409,-0.858288,0.17474,-0.471331,0.271022,-0.408253
1746836650,3,-0.850971,-0.317483,0.523086,0.683998,0.284678,-0.751804
1746836650,4,0.863751,0.087747,-0.633478,-0.978361,1.10089,-0.833581
1746836650,5,-0.849338,-0.517233,-0.298505,0.393681,1.07335,-0.0433255
1746836650,6,-0.456095,0.0791831,0.895822,0.539892,-0.192902,-0.288161
1746836650,0,-0.511472,0.395594,0.694525,0.465675,-0.199252,-0.174826
1746836650,2,0.512545,-0.795474,0.145258,-0.478661,0.302177,-0.329452
1746836650,3,-0.739817,-0.385461,0.429374,0.723093,0.315221,-0.850153
1746836650,4,0.763261,-0.13713,-0.569198,-0.795713,0.898079,-0.825639
1746836650,5,-0.83429,-0.500782,-0.334973,0.432166,0.812506,0.0171501
1746836650,6,-0.420251,0.0866777,0.872003,0.607698,-0.254599,-0.303432
1746836650,0,-0.488132,0.378489,0.674141,0.350221,-0.168097,-0.174826
1746836650,2,0.511776,-0.769586,0.12375,-0.440788,0.365096,-0.392371
1746836650,3,-0.733174,-0.384002,0.421995,0.723093,0.530246,-0.842823
1746836650,4,0.683744,-0.224343,-0.494599,-0.87146,0.703824,-0.825639
1746836650,5,-0.815823,-0.522781,-0.302918,0.393681,0.77341,0.199799
1746836650,6,-0.389994,0.099348,0.853282,0.600368,-0.231387,-0.357188
1746836650,0,-0.463711,0.359575,0.676585,0.411918,-0.0746351,-0.20598
1746836650,2,0.510874,-0.787166,0.114158,-0.394973,0.263081,-0.368547
1746836650,3,-0.779518,-0.360172,0.431349,0.723093,0.361647,-0.50929
1746836650,4,0.658984,-0.205211,-0.44946,-1.02418,0.384341,-0.712018
1746836650,5,-0.784557,-0.513664,-0.239368,0.386351,0.733704,0.252944
1746836650,6,-0.371622,0.11043,0.839965,0.531951,-0.146476,-0.36513
1746836650,0,-0.456393,0.354669,0.666053,0.442462,-0.0275985,-0.245076
1746836650,2,0.523065,-0.783359,0.108298,-0.326556,0.388309,-0.416195
1746836650,3,-0.81707,-0.320726,0.445489,0.723093,0.269407,-0.387728
1746836650,4,0.635393,-0.215991,-0.429246,-0.978361,0.103343,-0.620389
1746836650,5,-0.779092,-0.509005,-0.202194,0.262956,0.701939,0.276157
1746836650,6,-0.366753,0.120744,0.847615,0.426271,-0.162359,-0.249676
1746836650,0,-0.466581,0.370783,0.670175,0.496218,0.0188273,-0.151613
1746836650,2,0.544515,-0.779508,0.105961,-0.227596,0.419463,-0.392371
1746836650,3,-0.840271,-0.285618,0.404157,0.786623,0.346376,-0.357185
1746836650,4,0.703752,-0.231357,-0.350475,-0.879401,0.0801305,-0.597787
1746836650,5,-0.76532,-0.533523,-0.216917,0.162774,0.520512,0.169256
1746836650,6,-0.363858,0.138268,0.855373,0.41833,-0.0462944,-0.296102
1746836650,0,-0.482569,0.392159,0.67328,0.534702,-0.0355397,-0.174826
1746836650,2,0.565232,-0.774696,0.102394,-0.151848,0.388309,-0.463842
1746836650,3,-0.848225,-0.21602,0.32287,0.620468,0.193048,-0.137273
1746836650,4,0.685316,-0.23195,-0.309999,-0.841528,-0.387181,-0.582515
1746836650,5,-0.712928,-0.581866,-0.225065,0.077864,0.481417,0.0324218
1746836650,6,-0.358011,0.147391,0.862787,0.456203,0.0312855,-0.280219
1746836650,0,-0.496928,0.416238,0.687387,0.527372,-0.0587526,-0.174826
1746836650,2,0.575441,-0.765121,0.103745,-0.121305,0.450617,-0.38443
1746836650,3,-0.83705,-0.188018,0.288579,0.63635,0.116079,-0.0993995
1746836650,4,0.655908,-0.268516,-0.273874,-1.00096,-0.441548,-0.544641
1746836650,5,-0.672008,-0.605062,-0.183912,0.239743,0.50463,-0.0433255
1746836650,6,-0.36629,0.156859,0.868323,0.395728,0.0544984,-0.311374
1746836650,0,-0.511021,0.443433,0.696916,0.534702,0.0188273,-0.245076
1746836650,2,0.580527,-0.75982,0.113059,-0.143907,0.39625,-0.321511
1746836650,3,-0.813982,-0.205065,0.250662,0.581372,0.177777,-0.0163219
1746836650,4,0.670634,-0.286326,-0.216599,-1.21416,-0.403064,-0.544641
1746836650,5,-0.689345,-0.621344,-0.125595,0.339925,0.77341,-0.188101
1746836650,6,-0.385544,0.168921,0.871126,0.350524,0.0850417,-0.318704
1746836650,0,-0.530667,0.463742,0.705394,0.419249,-0.0275985,-0.253017
1746836650,2,0.570447,-0.743571,0.129901,-0.182392,0.380367,-0.155355
1746836650,3,-0.798253,-0.240406,0.217569,0.644291,0.193048,0.052095
1746836650,4,0.806235,-0.307371,-0.133172,-1.14574,0.22063,-0.476224
1746836650,5,-0.735845,-0.639836,-0.109002,0.309382,0.741645,-0.294391
1746836650,6,-0.427177,0.179178,0.873745,0.31265,0.0233443,-0.318704
1746836650,0,-0.550845,0.473692,0.723012,0.196283,-0.136943,-0.19865
1746836650,2,0.563316,-0.741147,0.156506,-0.235537,0.357154,-0.155355
1746836650,3,-0.806274,-0.264994,0.196383,0.462864,0.21565,0.143114
1746836650,4,0.954594,-0.358375,0.125333,-1.08465,0.843712,-0.407807
1746836650,5,-0.781351,-0.612602,-0.105963,0.301441,0.946896,-0.415953
1746836650,6,-0.4482,0.189995,0.864231,0.282107,0.00807263,-0.357188
1746836650,0,-0.559311,0.475399,0.72305,0.16574,-0.0746351,-0.190709
1746836650,2,0.563783,-0.741935,0.167967,-0.204994,0.294846,-0.0282952
1746836650,3,-0.818634,-0.314016,0.219039,0.494019,0.254135,0.211531
1746836650,4,1.01783,-0.229036,0.32321,-0.582521,0.306151,-0.537311
1746836650,5,-0.814832,-0.597296,-0.111859,0.185987,0.828388,-0.415953
1746836650,6,-0.473491,0.207842,0.878926,0.153825,-0.061566,-0.434158
1746836650,0,-0.572075,0.46624,0.714093,0.0350145,-0.0819655,-0.19865
1746836650,2,0.569916,-0.754445,0.168641,-0.319226,0.271022,0.0584476
1746836650,3,-0.81159,-0.396344,0.277233,0.431099,0.331104,0.127842
1746836650,4,1.09816,0.229929,0.41347,-0.209282,-0.169103,-0.795096
1746836650,5,-0.813103,-0.5673,-0.1225,0.185987,0.599314,-0.347536
1746836650,6,-0.474068,0.207619,0.905419,0.0933494,-0.115933,-0.403614
1746836650,0,-0.572761,0.449046,0.751064,0.0423449,-0.160156,-0.190709
1746836650,2,0.563226,-0.789995,0.154896,-0.250809,0.231927,0.13786
1746836650,3,-0.812675,-0.422413,0.354793,0.384063,0.530246,-0.0920692
1746836650,4,1.17946,0.437669,0.508301,-0.422474,-0.0133319,-0.643601
1746836650,5,-0.853083,-0.567117,-0.149866,0.139561,0.56816,-0.28645
1746836650,6,-0.464594,0.184564,0.929096,0.0475345,-0.154418,-0.249676
1746836650,0,-0.544479,0.440531,0.796888,-0.057837,-0.230406,-0.221863
1746836650,2,0.558789,-0.841103,0.135367,-0.235537,0.169619,0.121978
1746836650,3,-0.84202,-0.378587,0.421342,0.494019,0.368978,-0.0767975
1746836650,4,1.31796,0.385946,0.575118,-0.86413,-0.0756401,-0.217828
1746836650,5,-0.897957,-0.563327,-0.176636,0.193928,0.378791,-0.202761
1746836650,6,-0.437355,0.148096,0.944209,-0.0660864,-0.192902,-0.288161
1746836650,0,-0.51346,0.440574,0.828595,-0.0731086,-0.206582,-0.159555
1746836650,2,0.553093,-0.882549,0.121249,-0.212324,0.0834868,0.169625
1746836650,3,-0.889281,-0.346532,0.389384,0.281437,0.223592,-0.152545
1746836650,4,1.1929,0.305906,0.40112,-0.848858,-0.308991,-0.0583925
1746836650,5,-0.886161,-0.600536,-0.124109,0.371079,0.110621,0.0324218
1746836650,6,-0.42893,0.123981,0.954093,-0.11129,-0.0847789,-0.257617
1746836650,0,-0.513674,0.43739,0.823967,-0.17268,-0.199252,-0.089305
1746836650,2,0.554838,-0.901279,0.130892,-0.113975,0.0755455,0.129919
1746836650,3,-0.914615,-0.406154,0.352389,0.391393,0.29995,-0.349854
1746836650,4,0.941411,0.13919,0.102531,-1.07732,-0.597319,0.313624
1746836650,5,-0.885203,-0.629895,-0.0534441,0.686286,0.00799611,0.0935083
1746836650,6,-0.457435,0.129291,0.993702,-0.254844,-0.239328,-0.187979
1746836650,0,-0.585506,0.434412,0.824232,-0.227047,-0.0587526,-0.0813638
1746836650,2,0.570419,-0.919977,0.172742,-0.0987032,0.0443914,0.264309
1746836650,3,-0.895475,-0.537976,0.410538,0.549607,0.254135,-0.440873
1746836650,4,0.684598,-0.130786,-0.177563,-1.05472,-0.815398,0.633107
1746836650,5,-0.916532,-0.638042,-0.0426382,0.97889,0.44171,-0.0433255
1746836650,6,-0.53926,0.121321,1.06058,-0.353804,-0.192902,-0.19592
1746836650,0,-0.650145,0.418021,0.879352,-0.165349,-0.0275985,-0.12779
1746836650,2,0.594972,-0.986926,0.191156,-0.220265,-0.080836,0.343722
1746836650,3,-0.924008,-0.581131,0.546536,0.644291,0.147234,-0.72126
1746836650,4,0.893954,-0.320527,-0.12086,-1.06999,0.0337048,0.724126
1746836650,5,-1.05662,-0.655253,-0.0354868,0.794409,0.56816,-0.00545187
1746836650,6,-0.563165,0.079594,1.10611,-0.399008,-0.247269,-0.226463
1746836650,0,-0.668735,0.402817,0.917069,-0.17268,0.00355565,-0.151613
1746836650,2,0.633979,-1.07956,0.215286,-0.197052,0.0132372,0.240485
1746836650,3,-1.04247,-0.396386,0.638585,0.668115,0.0244496,-0.705989
1746836650,4,1.36175,-0.369081,0.175311,-0.353446,0.166263,0.488943
1746836650,5,-1.21237,-0.631587,0.02515,0.909862,0.544336,0.252944
1746836650,6,-0.548922,0.0165779,1.12776,-0.292717,-0.146476,-0.150105
1746836650,0,-0.677776,0.366973,0.893184,-0.134195,0.0579227,-0.174826
1746836650,2,0.635951,-1.09742,0.232704,-0.113975,0.0523326,0.145801
1746836650,3,-1.10416,-0.132488,0.658706,0.423158,-0.136208,-0.50929
1746836650,4,1.34205,-0.339065,-0.0627071,0.148685,-0.729877,0.275751
1746836650,5,-1.46611,-0.491773,0.290045,1.29471,1.15215,1.18085
1746836650,6,-0.520828,-0.0424902,1.06424,-0.141834,0.06977,-0.142164
1746836650,0,-0.648465,0.304273,0.804124,-0.0651674,0.144055,-0.20598
1746836650,2,0.567361,-1.00886,0.254886,-0.0376166,0.17756,0.0187414
1746836650,3,-1.01362,0.0351749,0.555382,-0.011167,-0.389106,-0.243564
1746836650,4,1.26439,-0.262089,-0.290959,-0.490891,-0.971779,0.184732
1746836650,5,-1.56468,-0.530463,0.311082,2.07234,-0.386623,1.11243
1746836650,6,-0.50919,-0.0772183,0.948502,0.176427,0.209047,-0.211192
1746836650,0,-0.6404,0.24427,0.665717,-0.165349,0.198422,-0.19865
1746836650,2,0.503691,-0.854566,0.276778,-0.044947,0.223986,0.00346975
1746836650,3,-0.833737,0.0488444,0.475656,-0.137005,-0.304807,-0.183088
1746836650,4,1.16885,-0.232052,-0.316287,-0.391931,-0.177044,0.002694
1746836650,5,-1.09975,-0.634115,0.222406,1.57204,-0.323704,1.14236
1746836650,6,-0.510349,-0.0649587,0.839898,0.335252,0.262803,-0.296102
1746836650,0,-0.675465,0.177211,0.584343,-0.0883803,0.151385,-0.284171
1746836650,2,0.471923,-0.768958,0.301913,-0.0376166,0.271022,0.0266826
1746836650,3,-0.7845,0.0335031,0.436063,-0.215807,-0.312748,-0.160486
1746836650,4,0.801386,-0.189495,-0.376709,0.28613,-0.254624,-0.164683
1746836650,5,-0.893746,-0.797087,-0.198893,1.15604,-0.946786,1.41603
1746836650,6,-0.546714,-0.0399323,0.795643,0.502018,0.301899,-0.303432
1746836650,0,-0.718703,0.124538,0.578433,0.0655578,0.0347098,-0.354421
1746836650,2,0.46482,-0.78302,0.340085,-0.0302863,0.302177,-0.052119
1746836650,3,-0.880488,0.050851,0.365607,-0.523683,-0.289535,-0.0541955
1746836650,4,0.670831,-0.199009,-0.49594,0.788872,-0.0365447,-0.118868
1746836650,5,-0.757113,-0.803972,-0.370508,1.02532,-0.923573,1.24132
1746836650,6,-0.604692,-0.0236788,0.794835,0.592426,0.378868,-0.349858
1746836650,0,-0.736852,0.104766,0.624153,0.327008,0.0114969,-0.292112
1746836650,2,0.456964,-0.870163,0.379866,0.000257,0.341272,-0.155355
1746836650,3,-1.0123,0.031637,0.414246,-0.76864,-0.113606,0.423501
1746836650,4,0.792134,-0.275349,-0.373337,1.98434,-0.472703,-0.377264
1746836650,5,-0.83404,-0.878058,-0.611148,-0.0449199,-1.54666,1.49239
1746836650,6,-0.655622,-0.0203848,0.826252,0.448873,0.363596,-0.296102
1746836650,0,-0.725546,0.124478,0.676205,0.388705,0.0738052,-0.323266
1746836650,2,0.432517,-0.94524,0.406219,0.0918868,0.326,-0.257981
1746836650,3,-1.00762,-0.158337,0.496461,-0.508411,-0.0366369,0.666625
1746836650,4,0.90009,-0.22656,-0.225436,0.636155,-0.940625,-0.712018
1746836650,5,-0.845306,-0.973156,-0.585574,-0.38395,-1.67311,1.54553
1746836650,6,-0.692218,-0.0190493,0.852297,0.380456,0.31717,-0.172707
1746836651,0,-0.720815,0.175683,0.691439,0.473005,0.151385,-0.253017
1746836651,2,0.417311,-0.915558,0.404567,0.0918868,0.318059,-0.210333
1746836651,3,-0.931022,-0.231306,0.452199,-0.57133,0.0323909,0.590267
1746836651,4,0.987546,0.244405,-0.484912,0.369818,-0.441548,-0.597787
1746836651,5,-0.863853,-0.989666,-0.649388,-1.16158,-1.5546,1.83447
1746836651,6,-0.701805,-0.00855327,0.842536,0.327922,0.239591,-0.0957382
1746836651,0,-0.708909,0.22283,0.678446,0.350221,0.136113,-0.229804
1746836651,2,0.411746,-0.834278,0.379479,-0.0376166,0.278964,-0.194451
1746836651,3,-0.85338,-0.249954,0.434484,-0.63425,-0.0366369,0.651354
1746836651,4,1.11654,0.557008,-0.292852,0.521924,0.096013,-0.0357905
1746836651,5,-0.761544,-0.907951,-0.637806,-1.34667,-2.58818,1.56081
1746836651,6,-0.680088,1.18199e-05,0.81682,0.554553,0.201106,-0.111621
1746836651,0,-0.695682,0.232663,0.648418,0.250039,0.0738052,-0.159555
1746836651,2,0.413069,-0.772646,0.353749,-0.0376166,0.286905,-0.297687
1746836651,3,-0.745316,-0.29988,0.492873,-0.389903,-0.105665,0.385627
1746836651,4,1.16091,0.473465,-0.0226208,0.453507,0.228571,0.0326264
1746836651,5,-0.491006,-0.820575,-0.458907,-1.20801,-2.07567,1.2566
1746836651,6,-0.63695,0.00899024,0.793044,0.569824,0.100924,-0.103679
1746836651,0,-0.670722,0.198858,0.64211,0.25798,-0.0355397,-0.0966354
1746836651,2,0.409241,-0.776837,0.323197,-0.0302863,0.24781,-0.265922
1746836651,3,-0.753648,-0.309221,0.546659,0.139106,-0.0983343,0.10524
1746836651,4,1.10491,0.201231,-0.00106051,-0.117652,-0.106794,0.237877
1746836651,5,-0.302808,-0.880493,-0.258525,-1.11516,-1.1838,0.800279
1746836651,6,-0.589624,0.0146116,0.775816,0.539892,0.0465571,-0.118951
1746836651,0,-0.617521,0.166233,0.645556,0.311736,-0.043481,-0.182767
1746836651,2,0.392343,-0.811697,0.291308,0.000257,0.192832,-0.202392
1746836651,3,-0.813896,-0.215673,0.467521,-0.0343799,-0.15148,0.234133
1746836651,4,0.963277,-0.0247523,-0.0523884,-0.110322,-0.285778,0.177401
1746836651,5,-0.305365,-0.852562,-0.118426,-0.915403,-1.32552,0.633513
1746836651,6,-0.535721,0.0150146,0.756384,0.410999,0.100924,-0.0267104
1746836651,0,-0.555132,0.15834,0.647893,0.373434,0.136113,-0.151613
1746836651,2,0.368071,-0.832669,0.267504,0.0534023,0.216655,-0.281804
1746836651,3,-0.81967,-0.169329,0.429786,-0.137005,-0.228449,0.218861
1746836651,4,0.854885,-0.143588,-0.172225,-0.201341,-0.231411,0.291022
1746836651,5,-0.412437,-0.674888,-0.157343,-0.868977,-0.647462,0.633513
1746836651,6,-0.505555,0.00525976,0.748666,0.41833,0.14735,0.0502586
1746836651,0,-0.531381,0.161945,0.639001,0.319678,0.167268,-0.174826
1746836651,2,0.357809,-0.823634,0.264041,0.137091,0.192832,-0.329452
1746836651,3,-0.806171,-0.183054,0.471224,-0.121123,-0.412319,0.188318
1746836651,4,0.870014,-0.0827072,-0.159752,0.0882093,-0.644356,0.542088
1746836651,5,-0.499234,-0.650409,-0.278176,-0.884249,-0.781242,0.686658
1746836651,6,-0.507703,-0.00625557,0.748029,0.380456,0.15468,0.0423174
1746836651,0,-0.546805,0.166455,0.628985,0.319678,0.276002,-0.12779
1746836651,2,0.360916,-0.814264,0.281577,0.152362,0.231927,-0.273863
1746836651,3,-0.803715,-0.19468,0.4637,0.0444218,-0.205236,0.173657
1746836651,4,0.902227,0.0893908,-0.131832,0.0191815,-0.285778,0.450458
1746836651,5,-0.499312,-0.672927,-0.135687,-0.476191,-0.481307,0.450864
1746836651,6,-0.529776,-0.0132097,0.755253,0.433601,0.224319,-0.01938
1746836651,0,-0.565936,0.158556,0.633747,0.273252,0.307156,-0.143672
1746836651,2,0.355541,-0.821098,0.297639,0.236051,0.17756,-0.337393
1746836651,3,-0.802572,-0.183953,0.435097,0.084128,-0.235779,-0.0541955
1746836651,4,0.948684,0.215771,-0.171034,0.0271228,-0.246682,0.124256
1746836651,5,-0.496557,-0.601379,-0.107748,-0.368678,-0.260785,0.260885
1746836651,6,-0.562823,-0.0140274,0.762327,0.31265,0.216378,-0.00349752
1746836651,0,-0.588527,0.154979,0.651425,0.281193,0.330979,-0.089305
1746836651,2,0.350635,-0.82371,0.31677,0.198177,0.122582,-0.321511
1746836651,3,-0.826688,-0.12373,0.372991,-0.0184974,-0.358563,0.135784
1746836651,4,0.982213,0.219918,-0.216993,-0.0718374,-0.316932,0.344168
1746836651,5,-0.510429,-0.561625,-0.0719213,-0.12983,-0.0787468,0.0782367
1746836651,6,-0.593493,-0.0100164,0.763156,0.335252,0.255473,0.165101
1746836651,0,-0.616148,0.158526,0.659896,0.296465,0.323038,-0.003173
1746836651,2,0.349868,-0.828193,0.34173,0.297138,0.1067,-0.353276
1746836651,3,-0.853464,-0.117346,0.368601,-0.00322573,-0.343291,0.180988
1746836651,4,0.967564,0.136576,-0.232522,-0.132924,-0.215528,0.321566
1746836651,5,-0.558855,-0.525224,-0.133879,-0.29904,-0.0396514,0.0171501
1746836651,6,-0.625069,-0.0119244,0.771439,0.357854,0.216378,0.134558
1746836651,0,-0.643264,0.163488,0.664523,0.303795,0.408559,0.0438636
1746836651,2,0.356922,-0.836901,0.364235,0.297138,0.0364501,-0.321511
1746836651,3,-0.893676,-0.131094,0.379377,-0.113792,-0.434921,0.0368234
1746836651,4,0.984181,0.0294972,-0.203655,-0.155526,-0.254624,0.237877
1746836651,5,-0.56155,-0.600846,-0.17538,-0.537888,-0.197255,-0.00545187
1746836651,6,-0.653961,-0.0103692,0.783462,0.365795,0.185834,0.142499
1746836651,0,-0.666519,0.167376,0.670806,0.303795,0.400618,0.0982306
1746836651,2,0.37402,-0.850804,0.370631,0.350283,0.0132372,-0.345334
1746836651,3,-0.945586,-0.0847058,0.344855,-0.16877,-0.450193,0.165716
1746836651,4,1.00326,-0.0774004,-0.160322,0.0729377,-0.324873,0.0857717
1746836651,5,-0.631766,-0.635936,-0.0947537,-0.260555,-0.528954,-0.0359951
1746836651,6,-0.651486,-0.000767147,0.797255,0.388397,0.14735,0.295826
1746836651,0,-0.678239,0.176842,0.689601,0.365493,0.362134,0.176421
1746836651,2,0.389424,-0.855968,0.356881,0.304468,-0.0417406,-0.360606
1746836651,3,-0.955179,-0.0495106,0.334618,-0.334315,-0.626733,0.234133
1746836651,4,1.00228,-0.111604,-0.162879,0.217713,-0.308991,0.200003
1746836651,5,-0.818198,-0.553548,-0.0161266,-0.183586,-0.860043,-0.172829
1746836651,6,-0.636123,0.0135473,0.813072,0.357854,0.14735,0.326981
1746836651,0,-0.67011,0.191527,0.705117,0.34228,0.283943,0.16848
1746836651,2,0.399951,-0.85944,0.341215,0.335011,-0.0728948,-0.321511
1746836651,3,-0.936815,-0.0804401,0.355239,-0.271396,-0.687819,0.173657
1746836651,4,1.01496,-0.0367712,-0.157613,0.225043,-0.231411,0.367381
1746836651,5,-0.926,-0.410892,0.0705475,-0.314311,-0.734205,-0.431225
1746836651,6,-0.623976,0.0266879,0.818788,0.282107,0.139409,0.357524
1746836651,0,-0.650829,0.207548,0.715903,0.296465,0.323038,0.122054
1746836651,2,0.397074,-0.872278,0.336177,0.335011,-0.11199,-0.329452
1746836651,3,-0.920532,-0.149293,0.395453,-0.215807,-0.611461,0.052095
1746836651,4,1.01564,0.0868125,-0.189197,0.126083,-0.22347,0.443128
1746836651,5,-0.904155,-0.244172,0.19129,-0.584314,-0.1661,-0.530185
1746836651,6,-0.631234,0.0263292,0.82576,0.266835,0.14735,0.449765
1746836651,0,-0.636303,0.214624,0.71283,0.265311,0.354192,0.231399
1746836651,2,0.383909,-0.876332,0.341812,0.403428,-0.080836,-0.376488
1746836651,3,-0.900237,-0.203252,0.428498,-0.231689,-0.496618,0.0972991
1746836651,4,0.983139,0.149679,-0.240865,0.202441,-0.192315,0.367381
1746836651,5,-0.981138,-0.229988,0.182902,-0.653342,-0.142277,-0.643806
1746836651,6,-0.639478,0.0202505,0.826581,0.183757,0.15468,0.41128
1746836651,0,-0.649545,0.212754,0.702422,0.16574,0.478809,0.308979
1746836651,2,0.390226,-0.868508,0.34082,0.350283,-0.166357,-0.281804
1746836651,3,-0.880899,-0.220801,0.462151,-0.0979098,-0.450193,0.0972991
1746836651,4,0.961887,0.146527,-0.271387,0.141355,-0.231411,0.481001
1746836651,5,-1.00709,-0.298273,0.20756,-0.722369,0.0709152,-0.400682
1746836651,6,-0.640332,0.0128612,0.842329,0.199029,0.0929829,0.434493
1746836651,0,-0.667693,0.220824,0.703421,0.157798,0.431772,0.348075
1746836651,2,0.412129,-0.857913,0.345638,0.297138,-0.151086,-0.289746
1746836651,3,-0.878728,-0.211592,0.4651,-0.0343799,-0.527162,0.10524
1746836651,4,0.965558,0.147236,-0.262611,0.225043,-0.246682,0.503604
1746836651,5,-0.987102,-0.393254,0.182353,-0.722369,0.220577,-0.241246
1746836651,6,-0.65882,0.0169847,0.845797,0.259505,0.177893,0.495579
1746836651,0,-0.690107,0.231093,0.688935,0.134586,0.400618,0.293708
1746836651,2,0.435722,-0.852917,0.367609,0.335011,-0.268372,-0.392371
1746836651,3,-0.893253,-0.167926,0.421602,-0.0264386,-0.534492,0.052095
1746836651,4,0.993877,0.133078,-0.230523,0.187169,-0.395123,0.534147
1746836651,5,-0.874211,-0.46258,0.150125,-0.407163,0.623137,-0.0738688
1746836651,6,-0.667401,0.0172611,0.83481,0.380456,0.262803,0.572548
1746836651,0,-0.719244,0.225478,0.666757,0.127255,0.377405,0.348075
1746836651,2,0.459809,-0.851087,0.391103,0.258653,-0.283643,-0.424136
1746836651,3,-0.908737,-0.139853,0.408165,-0.0582036,-0.60352,0.029493
1746836651,4,1.06186,0.1247,-0.222806,0.163957,-0.363969,0.481001
1746836651,5,-0.596783,-0.472586,-0.0174402,-0.545829,1.23889,-0.195431
1746836651,6,-0.702592,0.0410582,0.866822,0.380456,0.14735,0.534064
1746836651,0,-0.755539,0.238947,0.668745,0.242709,0.385346,0.465361
1746836651,2,0.497892,-0.873746,0.403971,0.273925,-0.291585,-0.455901
1746836651,3,-0.907488,-0.187363,0.496202,0.052363,-0.596189,-0.0993995
1746836651,4,1.15619,0.127379,-0.193707,0.110811,-0.231411,0.367381
1746836651,5,-0.666898,-0.798285,-0.19564,-0.630129,0.23646,-0.324934
1746836651,6,-0.720879,0.0770693,0.885038,0.373126,0.170563,0.488249
1746836651,0,-0.772468,0.282645,0.665586,0.296465,0.447655,0.489184
1746836651,2,0.540072,-0.878814,0.412985,0.251323,-0.26043,-0.463842
1746836651,3,-0.905121,-0.246424,0.568952,-0.105851,-0.534492,-0.00105025
1746836651,4,1.18105,0.121146,-0.184938,0.110811,-0.0909118,0.450458
1746836651,5,-1.01217,-1.09827,0.0103692,-0.0449199,0.339085,0.473466
1746836651,6,-0.724923,0.131908,0.896638,0.380456,0.185834,0.534064
1746836651,0,-0.814154,0.351874,0.633578,0.373434,0.408559,0.481243
1746836651,2,0.632922,-0.85488,0.400912,0.258653,-0.221335,-0.455901
1746836651,3,-0.90129,-0.335704,0.733692,-0.137005,-0.542433,0.0899687
1746836651,4,1.17367,-0.0238658,-0.21956,0.248256,-0.192315,0.405254
1746836651,5,-1.10593,-0.679922,0.0103925,-0.360737,0.90719,0.473466
1746836651,6,-0.692561,0.201331,0.902204,0.41833,0.209047,0.542005
1746836651,0,-0.805257,0.422963,0.595074,0.43452,0.393288,0.450089
1746836651,2,0.705256,-0.812231,0.376538,0.205508,-0.221335,-0.503548
1746836651,3,-0.868365,-0.411495,0.859945,0.0285393,-0.611461,0.135784
1746836651,4,1.14197,-0.147404,-0.234297,0.316673,-0.395123,0.617835
1746836651,5,-1.08639,-0.376856,-0.287511,-0.230012,0.836329,-0.0127822
1746836651,6,-0.658679,0.277523,0.880607,0.41833,0.278686,0.449765
1746836651,0,-0.805466,0.474799,0.543166,0.43452,0.447655,0.363957
1746836651,2,0.76434,-0.745915,0.357682,0.236051,-0.119931,-0.558526
1746836651,3,-0.819561,-0.380984,0.812241,0.241731,-0.496618,-0.0694672
1746836651,4,1.11464,-0.248599,-0.130201,0.163957,-0.192315,0.754669
1746836651,5,-0.858673,-0.359915,-0.321288,-0.606916,0.576101,-0.111742
1746836651,6,-0.60856,0.343575,0.840684,0.357854,0.201106,0.419221
1746836651,0,-0.800094,0.511642,0.489075,0.419249,0.276002,0.293708
1746836651,2,0.814139,-0.672499,0.337097,0.335011,-0.0337994,-0.677645
1746836651,3,-0.773547,-0.262456,0.69521,0.202025,-0.458134,-0.0841279
1746836651,4,1.03392,-0.294313,-0.0494423,0.377759,-0.184374,0.716795
1746836651,5,-0.772474,-0.358254,-0.298558,-0.945946,0.386733,-0.294391
1746836651,6,-0.561607,0.397355,0.791664,0.426271,0.370927,0.342252
1746836651,0,-0.793268,0.538488,0.435023,0.43452,0.276002,0.16115
1746836651,2,0.827344,-0.603639,0.333698,0.297138,0.0834868,-0.637939
1746836651,3,-0.706514,-0.12235,0.600324,0.0682455,-0.466075,-0.0163219
1746836651,4,1.04176,-0.219371,-0.0256511,0.499322,-0.177044,0.595233
1746836651,5,-0.752828,-0.514485,-0.286221,-0.653342,0.386733,-0.225974
1746836651,6,-0.540691,0.436244,0.732181,0.547222,0.378868,0.272614
1746836651,0,-0.77997,0.564974,0.391251,0.388705,0.268671,0.0359224
1746836651,2,0.79048,-0.522522,0.353887,0.312409,0.0523326,-0.590291
1746836651,3,-0.640036,-0.0528886,0.584356,-0.152888,-0.496618,0.052095
1746836651,4,1.02429,-0.161307,-0.118324,0.461448,-0.044486,0.579962
1746836651,5,-0.753289,-0.573336,-0.280338,-0.283768,0.402615,-0.127014
1746836651,6,-0.582947,0.484778,0.65274,0.569824,0.463778,0.257342
1746836651,0,-0.7808,0.568948,0.366748,0.365493,0.276002,0.0591353
1746836651,2,0.732674,-0.465986,0.3983,0.297138,-0.00264525,-0.392371
1746836651,3,-0.588839,-0.117573,0.627718,-0.0343799,-0.687819,0.0826383
1746836651,4,0.958128,-0.140073,-0.194937,0.324003,-0.0286035,0.488943
1746836651,5,-0.754991,-0.558058,-0.226482,-0.330194,0.481417,-0.149616
1746836651,6,-0.630576,0.518481,0.601963,0.426271,0.378868,0.24207
1746836651,0,-0.776255,0.55862,0.333753,0.242709,0.354192,0.129385
1746836651,2,0.716725,-0.445284,0.416834,0.220779,0.0211785,-0.368547
1746836651,3,-0.566489,-0.221416,0.655118,0.020598,-0.703091,0.112571
1746836651,4,0.900401,-0.12753,-0.192006,0.278188,-0.130007,0.549418
1746836651,5,-0.770481,-0.540197,-0.208642,-0.253225,0.512571,-0.104412
1746836651,6,-0.659258,0.522731,0.610028,0.41833,0.247532,0.326981
1746836651,0,-0.762809,0.551971,0.308761,0.234767,0.385346,0.0127095
1746836651,2,0.735243,-0.444961,0.423142,0.190236,-0.0337994,-0.265922
1746836651,3,-0.542638,-0.326441,0.66712,-0.0502624,-0.588248,0.0368234
1746836651,4,0.900578,-0.150067,-0.226062,0.560408,-0.15322,0.481001
1746836651,5,-0.801914,-0.522118,-0.237536,-0.145102,0.56816,-0.0433255
1746836651,6,-0.66681,0.530433,0.613892,0.31998,0.15468,0.288496
1746836651,0,-0.779368,0.561275,0.285376,0.226826,0.276002,0.16115
1746836651,2,0.780585,-0.444231,0.427112,0.243992,-0.080836,-0.345334
1746836651,3,-0.54936,-0.353549,0.677147,-0.0582036,-0.427591,0.10524
1746836651,4,0.894416,-0.206841,-0.263072,0.743057,-0.15322,0.328896
1746836651,5,-0.816061,-0.52616,-0.244527,-0.0296483,0.465534,0.00248938
1746836651,6,-0.655411,0.544622,0.61717,0.327922,0.193165,0.342252
1746836651,0,-0.791686,0.583945,0.280928,0.127255,0.244847,0.114113
1746836651,2,0.822308,-0.445725,0.415346,0.160304,-0.0570123,-0.313569
1746836651,3,-0.542985,-0.356431,0.690106,-0.0661448,-0.266322,-0.0389239
1746836651,4,0.895373,-0.227313,-0.271799,0.979462,-0.130007,0.222605
1746836651,5,-0.811161,-0.514039,-0.249744,0.0473208,0.584042,-0.0964708
1746836651,6,-0.639358,0.55249,0.621473,0.327922,0.239591,0.250012
1746836651,0,-0.802161,0.588476,0.293955,0.219496,0.206363,0.0902894
1746836651,2,0.831336,-0.434557,0.394751,0.145032,-0.0570123,-0.368547
1746836651,3,-0.536673,-0.337168,0.699489,0.020598,-0.235779,-0.0993995
1746836651,4,0.879746,-0.244179,-0.290271,1.12363,-0.044486,0.0937129
1746836651,5,-0.805766,-0.456918,-0.266036,0.147503,0.654902,-0.0280539
1746836651,6,-0.61081,0.543554,0.629315,0.31998,0.170563,0.203586
1746836651,0,-0.793745,0.576398,0.303324,0.303795,0.205752,0.0127095
1746836651,2,0.808417,-0.4221,0.374826,0.0992172,-0.0179169,-0.321511
1746836651,3,-0.530746,-0.303495,0.683628,0.0914584,-0.312748,-0.0163219
1746836651,4,0.841194,-0.235948,-0.323659,0.796202,-0.0365447,0.116315
1746836651,5,-0.817442,-0.421133,-0.287935,0.0393795,0.607255,-0.0891404
1746836651,6,-0.592572,0.535057,0.621589,0.290048,0.116196,0.119286
1746836651,0,-0.77835,0.566101,0.318889,0.219496,0.151385,-0.05754
1746836651,2,0.785024,-0.423382,0.369339,0.0839455,0.0443914,-0.297687
1746836651,3,-0.523918,-0.282134,0.652597,0.0444218,-0.258992,-0.0236523
1746836651,4,0.82218,-0.222842,-0.330675,0.438235,-0.044486,0.131587
1746836651,5,-0.806878,-0.428428,-0.299072,0.0167775,0.536395,-0.0512668
1746836651,6,-0.58849,0.532891,0.610622,0.282107,0.0850417,0.0655303
1746836651,0,-0.760009,0.572407,0.325468,0.188342,0.11229,-0.0966354
1746836651,2,0.776036,-0.437757,0.37441,0.0308003,-0.00264525,-0.234157
1746836651,3,-0.528881,-0.27123,0.653713,0.0285393,-0.228449,-0.0993995
1746836651,4,0.824637,-0.182806,-0.320449,0.270858,-0.0212731,0.047898
1746836651,5,-0.793676,-0.453749,-0.293857,-0.0143766,0.512571,-0.0359951
1746836651,6,-0.6019,0.534617,0.606993,0.290048,0.15468,0.134558
1746836651,0,-0.74602,0.579324,0.331816,0.17307,0.167268,-0.003173
1746836651,2,0.769498,-0.458683,0.383975,0.0381306,-0.0105865,-0.218274
1746836651,3,-0.56269,-0.247089,0.656974,-0.00322573,-0.235779,-0.0389239
1746836651,4,0.858968,-0.164197,-0.329307,0.110811,0.00255063,-0.00524725
1746836651,5,-0.791635,-0.46842,-0.311397,-0.076074,0.386733,-0.0359951
1746836651,6,-0.613287,0.530895,0.612926,0.206359,0.100924,0.0191045
1746836651,0,-0.739532,0.578701,0.339188,0.149857,0.206363,0.00476825
1746836651,2,0.771747,-0.476344,0.384329,0.0839455,0.0364501,-0.147414
1746836651,3,-0.583536,-0.248318,0.689344,0.052363,-0.136208,-0.0615259
1746836651,4,0.857993,-0.196705,-0.329115,-0.0412941,-0.137948,-0.0510621
1746836651,5,-0.789517,-0.483764,-0.347562,-0.114559,0.323203,-0.127014
1746836651,6,-0.616154,0.535111,0.625029,0.161155,0.124137,0.0881323
1746836651,0,-0.740465,0.578927,0.333081,0.142527,0.167268,-0.003173
1746836651,2,0.784476,-0.491361,0.382528,0.0766152,0.0211785,-0.210333
1746836651,3,-0.590749,-0.26911,0.71252,0.020598,-0.197905,0.006891
1746836651,4,0.859237,-0.251269,-0.314892,-0.170798,-0.130007,0.0326264
1746836651,5,-0.774478,-0.5091,-0.372923,-0.175645,0.354968,-0.111742
1746836651,6,-0.616299,0.528794,0.637819,0.176427,0.100924,0.134558
1746836651,0,-0.748449,0.573099,0.334085,0.142527,0.229576,-0.003173
1746836651,2,0.789848,-0.494301,0.383247,0.0766152,0.005296,-0.139473
1746836651,3,-0.582464,-0.293236,0.724757,0.0603043,-0.182634,-0.00105025
1746836651,4,0.883126,-0.298566,-0.305403,-0.117652,-0.130007,0.0705
1746836651,5,-0.759046,-0.533956,-0.375052,-0.12983,0.315261,-0.111742
1746836651,6,-0.627937,0.522462,0.640666,0.10801,0.193165,0.057589
1746836651,0,-0.76249,0.56625,0.336942,0.157798,0.276002,-0.05754
1746836651,2,0.790088,-0.49451,0.38544,0.0992172,-0.0258581,-0.0918252
1746836651,3,-0.579559,-0.300219,0.740336,0.107341,-0.189964,-0.0163219
1746836651,4,0.911672,-0.321227,-0.281964,-0.163467,-0.0133319,0.0937129
1746836651,5,-0.740516,-0.554873,-0.35858,-0.098676,0.347026,-0.111742
1746836651,6,-0.628831,0.511872,0.647021,0.145884,0.131467,0.0270457
1746836651,0,-0.768609,0.556572,0.35039,0.181011,0.205752,-0.003173
1746836651,2,0.787414,-0.495294,0.382328,0.0766152,0.0285089,-0.178568
1746836651,3,-0.587768,-0.27417,0.737041,0.139106,-0.235779,0.006891
1746836651,4,0.923655,-0.296597,-0.258037,-0.209282,-0.106794,0.177401
1746836651,5,-0.731518,-0.554588,-0.347377,-0.0528611,0.323203,-0.188101
1746836651,6,-0.623922,0.509469,0.6528,0.0780778,0.14735,0.0728606
1746836651,0,-0.772983,0.554785,0.354026,0.149857,0.205752,-0.0343271
1746836651,2,0.784976,-0.496009,0.383353,0.0534023,-0.00264525,-0.131531
1746836651,3,-0.590486,-0.257394,0.723143,0.186753,-0.213177,-0.00838063
1746836651,4,0.946107,-0.26748,-0.237222,-0.124983,-0.0212731,0.0631697
1746836651,5,-0.735159,-0.539963,-0.356709,-0.0296483,0.339085,-0.202761
1746836651,6,-0.62736,0.515576,0.651511,0.161155,0.06977,0.126617
1746836651,0,-0.776369,0.564593,0.353398,0.149857,0.136113,-0.0343271
1746836651,2,0.791063,-0.49642,0.388636,0.0534023,0.130523,-0.131531
1746836651,3,-0.588105,-0.254174,0.711198,0.0444218,-0.166751,0.052095
1746836651,4,0.938349,-0.247846,-0.217908,-0.0260225,-0.0133319,-0.0278493
1746836651,5,-0.727336,-0.513253,-0.362656,0.0705336,0.331144,-0.164888
1746836651,6,-0.624948,0.51823,0.649691,0.0701365,0.0777113,-0.0114388
1746836651,0,-0.772484,0.567614,0.350467,0.119314,0.120231,-0.0184446
1746836651,2,0.789346,-0.492988,0.388341,0.12976,0.1067,-0.0759427
1746836651,3,-0.571041,-0.267319,0.717501,0.147047,-0.120936,0.0215518
1746836651,4,0.928384,-0.277305,-0.205638,-0.0797787,-0.137948,0.047898
1746836651,5,-0.736154,-0.50625,-0.359775,0.147503,0.409945,-0.294391
1746836651,6,-0.624025,0.52053,0.64257,0.138553,0.0312855,0.0343761
1746836651,0,-0.772683,0.576787,0.342254,0.111984,0.0579227,-0.0734225
1746836651,2,0.796623,-0.481691,0.389696,0.0918868,0.130523,-0.052119
1746836651,3,-0.562088,-0.268044,0.713327,0.0761868,-0.166751,-0.0694672
1746836651,4,0.94166,-0.282208,-0.142239,-0.0492354,-0.0756401,0.047898
1746836651,5,-0.768028,-0.530259,-0.331723,0.262956,0.425828,-0.210703
1746836651,6,-0.616282,0.517351,0.63276,0.123282,0.0929829,0.00383287
1746836651,0,-0.778898,0.571538,0.329785,0.0350145,0.042651,-0.0654813
1746836651,2,0.791953,-0.468705,0.388261,0.0839455,0.153736,-0.0759427
1746836651,3,-0.55502,-0.252381,0.68558,0.0761868,-0.0830627,0.0447646
1746836651,4,0.965864,-0.293783,-0.0962861,0.141355,-0.0676989,-0.0583925
1746836651,5,-0.784274,-0.54138,-0.302354,0.255015,0.449652,-0.119684
1746836651,6,-0.622568,0.510711,0.635252,0.161155,0.100924,-0.0651949
1746836652,0,-0.782975,0.560693,0.324436,0.019132,0.00355565,-0.0966354
1746836652,2,0.783869,-0.46192,0.396998,0.0308003,0.122582,-0.0044715
1746836652,3,-0.551549,-0.242947,0.663206,0.0444218,0.00123675,0.029493
1746836652,4,0.958852,-0.251947,-0.0697255,0.339275,0.173593,-0.104207
1746836652,5,-0.775245,-0.530591,-0.30078,0.178046,0.417887,-0.195431
1746836652,6,-0.650121,0.514367,0.627762,0.123282,0.0386159,-0.0957382
1746836652,0,-0.801374,0.568297,0.327116,0.0576165,0.042651,-0.05754
1746836652,2,0.788219,-0.460409,0.414201,-0.0376166,0.153736,-0.0124127
1746836652,3,-0.552266,-0.2574,0.664422,0.0682455,-0.00609363,0.029493
1746836652,4,0.943707,-0.196943,-0.0922087,0.369818,0.173593,-0.111538
1746836652,5,-0.763708,-0.528755,-0.312508,0.2092,0.37085,-0.127014
1746836652,6,-0.662497,0.511455,0.631512,0.130612,0.0312855,-0.0884078
1746836652,0,-0.80623,0.560455,0.330945,0.111984,0.104959,-0.089305
1746836652,2,0.786551,-0.471242,0.411782,-0.0376166,0.161678,-0.0362365
1746836652,3,-0.556519,-0.2916,0.692968,0.0761868,0.108749,-0.00838063
1746836652,4,0.967627,-0.152438,-0.0683163,0.560408,0.119226,-0.24043
1746836652,5,-0.765115,-0.536303,-0.325582,0.239743,0.315261,-0.104412
1746836652,6,-0.654823,0.494662,0.642687,0.183757,0.0233443,-0.103679
1746836652,0,-0.799778,0.536095,0.346462,-0.0114112,0.0188273,-0.0734225
1746836652,2,0.774937,-0.499706,0.410376,-0.0907619,0.091428,-0.0282952
1746836652,3,-0.588489,-0.304575,0.719522,0.0364805,0.154564,0.006891
1746836652,4,0.921045,-0.214948,-0.22257,0.262917,-0.208198,-0.164683
1746836652,5,-0.774962,-0.532397,-0.309641,0.393681,0.394674,-0.0359951
1746836652,6,-0.658179,0.492019,0.649628,0.161155,0.00807263,-0.111621
1746836652,0,-0.800364,0.530661,0.364826,0.0350145,-0.0275985,-0.0813638
1746836652,2,0.777457,-0.527398,0.412408,-0.00707338,0.169619,-0.0044715
1746836652,3,-0.627101,-0.286676,0.728907,0.115282,-0.0140349,0.029493
1746836652,4,0.825729,-0.346174,-0.383704,0.0729377,-0.332814,0.0173548
1746836652,5,-0.798648,-0.557023,-0.310794,0.46332,0.29999,-0.0280539
1746836652,6,-0.663755,0.502611,0.660419,0.0628061,-0.0383531,-0.165377
1746836652,0,-0.800734,0.533261,0.387109,-0.0266829,-0.0275985,-0.159555
1746836652,2,0.776061,-0.553534,0.41909,-0.0834315,0.153736,-0.0124127
1746836652,3,-0.661632,-0.26314,0.71575,0.170871,0.0165084,-0.0315935
1746836652,4,0.830582,-0.414517,-0.392186,0.240315,-0.184374,0.184732
1746836652,5,-0.776616,-0.570438,-0.315464,0.363138,0.29999,-0.0738688
1746836652,6,-0.679458,0.49181,0.672697,0.0176021,-0.0151402,-0.0731362
1746836652,0,-0.801816,0.522519,0.408091,0.0350145,-0.11312,-0.151613
1746836652,2,0.747821,-0.575372,0.430689,-0.0602187,0.122582,-0.0600602
1746836652,3,-0.673439,-0.242986,0.702957,0.178812,0.00123675,-0.0462543
1746836652,4,0.939791,-0.331392,-0.353739,0.38509,0.15038,0.101043
1746836652,5,-0.778215,-0.569012,-0.342913,-0.0528611,0.520512,0.040363
1746836652,6,-0.682966,0.452995,0.670583,0.00966087,-0.0462944,-0.19592
1746836652,0,-0.771972,0.501924,0.435293,-0.0419545,-0.129002,-0.0813638
1746836652,2,0.690084,-0.588848,0.426199,-0.044947,0.0523326,0.00346975
1746836652,3,-0.653158,-0.24654,0.702173,0.115282,0.0244496,-0.137273
1746836652,4,0.93891,-0.299438,-0.432741,0.103481,0.142439,0.0558393
1746836652,5,-0.811778,-0.545977,-0.390015,0.370468,0.165599,0.11611
1746836652,6,-0.688741,0.432238,0.667585,0.00233048,-0.0847789,-0.0346516
1746836652,0,-0.734576,0.500454,0.451585,-0.0651674,-0.121061,-0.0966354
1746836652,2,0.666221,-0.595062,0.419121,0.0839455,-0.0179169,0.0346239
1746836652,3,-0.646625,-0.234662,0.72554,0.0285393,-0.0445781,-0.107341
1746836652,4,0.92325,-0.358697,-0.341358,-0.361388,0.204747,0.215275
1746836652,5,-0.80955,-0.53198,-0.399662,-0.021707,0.425828,-0.142286
1746836652,6,-0.673177,0.422394,0.659224,0.00966087,-0.100051,-0.00349752
1746836652,0,-0.729371,0.500867,0.429329,-0.126865,-0.043481,-0.0654813
1746836652,2,0.68061,-0.591285,0.411769,0.0460719,0.0211785,0.0822714
1746836652,3,-0.645543,-0.227004,0.748908,0.0285393,-0.105665,-0.0920692
1746836652,4,0.946086,-0.357599,-0.246699,-0.315573,0.00988101,0.313624
1746836652,5,-0.77025,-0.520008,-0.388075,-0.021707,-0.118453,-0.172829
1746836652,6,-0.648754,0.411146,0.667458,0.0554758,-0.100051,0.0502586
1746836652,0,-0.735079,0.484166,0.413451,-0.134195,0.0499814,-0.0422684
1746836652,2,0.698902,-0.58514,0.39968,0.0460719,0.0602739,0.0902126
1746836652,3,-0.652823,-0.2053,0.733617,-0.00322573,-0.251051,-0.0694672
1746836652,4,0.956251,-0.295021,-0.282175,-0.0950503,-0.0212731,0.146858
1746836652,5,-0.724635,-0.53118,-0.361582,-0.222071,5.48653e-05,0.0556347
1746836652,6,-0.624902,0.405814,0.664871,-0.0202715,-0.0927201,0.00383287
1746836652,0,-0.73862,0.4662,0.399379,-0.157408,0.0579227,-0.0263859
1746836652,2,0.705459,-0.573696,0.395195,0.0686739,0.0443914,0.114036
1746836652,3,-0.642374,-0.190691,0.686534,0.0364805,-0.136208,-0.0694672
1746836652,4,0.936499,-0.254284,-0.29339,0.0271228,0.0569176,0.16946
1746836652,5,-0.723089,-0.526664,-0.381772,-0.145102,0.268225,0.0250914
1746836652,6,-0.624723,0.411223,0.657446,0.00233048,0.0233443,0.0270457
